<?xml version="1.0" encoding="UTF-8"?>
<project-private xmlns="http://www.netbeans.org/ns/project-private/1">
    <editor-bookmarks xmlns="http://www.netbeans.org/ns/editor-bookmarks/2" lastBookmarkId="0"/>
    <open-files xmlns="http://www.netbeans.org/ns/projectui-open-files/2">
        <group>
            <file>file:/C:/Users/lachi/Documents/NetBeansProjects/Luchito%20Tycoon/src/supermercado/VentanaAbastecimiento.java</file>
            <file>file:/C:/Users/lachi/Documents/NetBeansProjects/Luchito%20Tycoon/src/supermercado/Empleado.java</file>
            <file>file:/C:/Users/lachi/Documents/NetBeansProjects/Luchito%20Tycoon/src/supermercado/Producto.java</file>
            <file>file:/C:/Users/lachi/Documents/NetBeansProjects/Luchito%20Tycoon/src/supermercado/Cliente.java</file>
            <file>file:/C:/Users/lachi/Documents/NetBeansProjects/Luchito%20Tycoon/src/supermercado/VentanaCompra.java</file>
            <file>file:/C:/Users/lachi/Documents/NetBeansProjects/Luchito%20Tycoon/src/supermercado/VentanaPago.java</file>
            <file>file:/C:/Users/lachi/Documents/NetBeansProjects/Luchito%20Tycoon/src/supermercado/Supermercado.java</file>
            <file>file:/C:/Users/lachi/Documents/NetBeansProjects/Luchito%20Tycoon/src/supermercado/Factura.java</file>
            <file>file:/C:/Users/lachi/Documents/NetBeansProjects/Luchito%20Tycoon/src/supermercado/VentanaInicio.java</file>
            <file>file:/C:/Users/lachi/Documents/NetBeansProjects/Luchito%20Tycoon/src/supermercado/VentanaPrincipal.java</file>
            <file>file:/C:/Users/lachi/Documents/NetBeansProjects/Luchito%20Tycoon/src/supermercado/VentanaAbastecer.java</file>
        </group>
    </open-files>
</project-private>
